supplier_id,supplier_name
1,Wellness Lab
2,Dove Manufacturing Factory
3,Poura Development Company
4,Sanders Farm 
5, Johanson Tea House 
6, Artisan Tea LLC
7,Jefferson Medical Group
8,J&Y Factory
9,Cassandra Development Team
10,The Miller's
11,Thomas Farm 
12, Prime Farm 
13, Fresher's Land
14,Linux Manufactoring Group
15,Mendes Production Group
16,Victor's LLC.
17,Niemo LLC.
18,Eastwood Farm 
19, High Valey Farm 
20, John's Family
21,Pieterson LLC.
22,RPL Manufactoring Group
23,Indus Farm
24,Zenda Factory
25,The Evan's 
26, Rockstoen Farm 
27, Pinot De Farm
